,CarName,CarMileage,CarPrice,CarBadge,CarDealer,CarRating,CarReviewCount,PageNumb
0,2019 Honda CR-V EX-L,"34,591 mi.","$29,855",Good Deal,"
Rapids Honda
",4.6,"(2,741 reviews)",1
1,2002 Ford F-350 XLT,"122,742 mi.","$21,688","Good Deal | $1,002 under","
Autowise
",4.5,(78 reviews),1
2,2022 Mercedes-Benz AMG GLC 43 AMG GLC 43,"4,603 mi.","$74,995",Good Deal,"
Mercedes-Benz of Lynnwood
",4.5,(125 reviews),1
3,2014 Chevrolet SS Base,"75,264 mi.","$36,950",Good Deal,"
LKL Motors
",4.7,(30 reviews),1
4,2020 Jaguar XE R-Dynamic S,"10,951 mi.","$44,998",Good Deal,"
CarMax Renton - Now offering Curbside Pickup
",4.0,(4 reviews),1
5,2012 Ferrari FF Base,"19,920 mi.","$151,895",Good Deal,"
Ferrari Maserati of Central Florida
",4.1,(33 reviews),1
6,2007 Mazda MX-5 Miata Grand Touring,"105,722 mi.","$10,499","Great Deal | $1,246 under","
Executive Autosport
",4.7,(39 reviews),1
7,2020 Volvo S90 T6 R-Design,"20,653 mi.","$39,995",Good Deal,"
Off Lease Only Orlando
",4.9,"(28,343 reviews)",1
8,2018 Toyota Avalon Hybrid XLE Plus,"39,998 mi.","$29,889",Good Deal,"
Puyallup Mazda
",4.7,(258 reviews),1
9,2021 Lincoln Corsair Reserve,,"$37,500","Great Deal | $2,934 under","
Mullinax Ford of New Smyrna Beach
",4.6,(715 reviews),1
10,2015 Maserati GranTurismo Sport,"28,838 mi.","$56,000","Good Deal | $1,970 under","
Ferrari Maserati of Central Florida
",4.1,(33 reviews),1
11,2019 Porsche 718 Cayman S,"8,610 mi.","$74,773","Great Deal | $4,503 under","
Kuni BMW
",4.7,"(1,397 reviews)",1
12,2018 Lincoln Navigator L Black Label,"57,774 mi.","$59,999","Great Deal | $3,914 under","
Northwest Chevrolet of Bellingham
",4.6,"(1,483 reviews)",1
13,2022 Genesis G70 3.3T,"21,010 mi.","$44,851",Fair Deal,"
Mercedes-Benz of Portland
",4.6,"(1,468 reviews)",1
14,2017 Jaguar F-PACE 35t R-Sport,"30,953 mi.","$39,000","Great Deal | $3,824 under","
Millennium Auto Sales
",4.8,(19 reviews),1
15,2016 BMW 535 i,"41,089 mi.","$26,990",Good Deal | $986 under,"
Holler Hyundai
",4.8,"(1,898 reviews)",1
16,2014 Ford Expedition EL XLT,"115,671 mi.","$14,950","Great Deal | $2,878 under","
Shift Seattle - Online
",,(0 reviews),1
17,2022 Lexus IS 500 F-SPORT PERFORMANCE,"2,760 mi.","$74,998",Great Deal,"
CarMax Melbourne - Now offering Curbside Pickup and Home Delivery
",,(0 reviews),1
18,2020 Lincoln MKZ Hybrid Reserve,"13,881 mi.","$40,000",Good Deal,"
Way Scarff Ford in Auburn
",4.7,(586 reviews),1
19,2021 Land Rover Range Rover Velar R-Dynamic S,"20,763 mi.","$67,950","Good Deal | $2,036 under","
Jaguar Land Rover Bellevue
",4.5,"(2,210 reviews)",1
20,2017 Maserati Levante S,"63,592 mi.","$39,995",Good Deal,"
Siamak's Car Company LLC
",4.3,(95 reviews),1
21,2019 Honda CR-V EX-L,"34,591 mi.","$29,855",Good Deal,"
Rapids Honda
",4.6,"(2,741 reviews)",2
22,2002 Ford F-350 XLT,"122,742 mi.","$21,688","Good Deal | $1,002 under","
Autowise
",4.5,(78 reviews),2
23,2014 Chevrolet SS Base,"75,264 mi.","$36,950",Good Deal,"
LKL Motors
",4.7,(30 reviews),2
24,2012 Ferrari FF Base,"19,920 mi.","$151,895",Good Deal,"
Ferrari Maserati of Central Florida
",4.1,(33 reviews),2
25,2007 Mazda MX-5 Miata Grand Touring,"105,722 mi.","$10,499","Great Deal | $1,246 under","
Executive Autosport
",4.7,(39 reviews),2
26,2017 Lexus CT 200h Base,"44,103 mi.","$23,490",Good Deal | $294 under,"
Buick GMC of Beaverton
",4.4,(568 reviews),2
27,2020 Volvo S90 T6 R-Design,"20,653 mi.","$39,995",Good Deal,"
Off Lease Only Orlando
",4.9,"(28,343 reviews)",2
28,2018 Toyota Avalon Hybrid XLE Plus,"39,998 mi.","$29,889",Good Deal,"
Puyallup Mazda
",4.7,(258 reviews),2
29,2021 Land Rover Range Rover Velar R-Dynamic S,"20,763 mi.","$67,950","Good Deal | $2,036 under","
Jaguar Land Rover Bellevue
",4.5,"(2,210 reviews)",2
30,2017 Maserati Levante S,"63,592 mi.","$39,995",Good Deal,"
Siamak's Car Company LLC
",4.3,(95 reviews),2
31,2019 Porsche 718 Cayman S,"8,610 mi.","$74,773","Great Deal | $4,503 under","
Kuni BMW
",4.7,"(1,397 reviews)",2
32,2018 Lincoln Navigator L Black Label,"57,774 mi.","$59,999","Great Deal | $3,914 under","
Northwest Chevrolet of Bellingham
",4.6,"(1,483 reviews)",2
33,2020 Jaguar XE R-Dynamic S,"10,951 mi.","$44,998",Good Deal,"
CarMax Renton - Now offering Curbside Pickup
",4.0,(4 reviews),2
34,2022 Mercedes-Benz AMG GLC 43 AMG GLC 43,"4,603 mi.","$74,995",Good Deal,"
Mercedes-Benz of Lynnwood
",4.5,(125 reviews),2
35,2022 Genesis G70 3.3T,"21,010 mi.","$44,851",Fair Deal,"
Mercedes-Benz of Portland
",4.6,"(1,468 reviews)",2
36,2017 Jaguar F-PACE 35t R-Sport,"30,953 mi.","$39,000","Great Deal | $3,824 under","
Millennium Auto Sales
",4.8,(19 reviews),2
37,2016 BMW 535 i,"41,089 mi.","$26,990",Good Deal | $986 under,"
Holler Hyundai
",4.8,"(1,898 reviews)",2
38,2014 Ford Expedition EL XLT,"115,671 mi.","$14,950","Great Deal | $2,878 under","
Shift Seattle - Online
",,(0 reviews),2
39,2017 Nissan NV200 SV,"7,331 mi.","$32,998",Fair Deal,"
CarMax Beaverton - Now offering Curbside Pickup
",3.6,(8 reviews),2
40,2021 Ford Expedition Max Platinum,"11,738 mi.","$75,999",Good Deal | $657 under,"
Jess Ford of Grand Coulee
",4.9,(22 reviews),2
41,2016 Audi S4 3.0T Premium Plus,"52,136 mi.","$31,999","Good Deal | $1,089 under","
Off Lease Only Orlando
",4.9,"(28,343 reviews)",2
42,2019 Ford Edge Titanium,"27,056 mi.","$33,999","Good Deal | $1,088 under","
Cornerstone Plymouth
",4.6,(173 reviews),3
43,2002 Ford F-350 XLT,"122,742 mi.","$21,688","Good Deal | $1,002 under","
Autowise
",4.5,(78 reviews),3
44,2020 Jaguar XE R-Dynamic S,"10,951 mi.","$44,998",Good Deal,"
CarMax Renton - Now offering Curbside Pickup
",4.0,(4 reviews),3
45,2022 Mercedes-Benz AMG GLC 43 AMG GLC 43,"4,603 mi.","$74,995",Good Deal,"
Mercedes-Benz of Lynnwood
",4.5,(125 reviews),3
46,2007 Mazda MX-5 Miata Grand Touring,"105,722 mi.","$10,499","Great Deal | $1,246 under","
Executive Autosport
",4.7,(39 reviews),3
47,2014 Chevrolet SS Base,"75,264 mi.","$36,950",Good Deal,"
LKL Motors
",4.7,(30 reviews),3
48,2012 Ferrari FF Base,"19,920 mi.","$151,895",Good Deal,"
Ferrari Maserati of Central Florida
",4.1,(33 reviews),3
49,2020 Volvo S90 T6 R-Design,"20,653 mi.","$39,995",Good Deal,"
Off Lease Only Orlando
",4.9,"(28,343 reviews)",3
50,2018 Toyota Avalon Hybrid XLE Plus,"39,998 mi.","$29,889",Good Deal,"
Puyallup Mazda
",4.7,(258 reviews),3
51,2021 Ford Expedition Max Platinum,"11,738 mi.","$75,999",Good Deal | $657 under,"
Jess Ford of Grand Coulee
",4.9,(22 reviews),3
52,2016 Audi S4 3.0T Premium Plus,"52,136 mi.","$31,999","Good Deal | $1,089 under","
Off Lease Only Orlando
",4.9,"(28,343 reviews)",3
53,2015 Maserati GranTurismo Sport,"28,838 mi.","$56,000","Good Deal | $1,970 under","
Ferrari Maserati of Central Florida
",4.1,(33 reviews),3
54,2019 Porsche 718 Cayman S,"8,610 mi.","$74,773","Great Deal | $4,503 under","
Kuni BMW
",4.7,"(1,397 reviews)",3
55,2018 Lincoln Navigator L Black Label,"57,774 mi.","$59,999","Great Deal | $3,914 under","
Northwest Chevrolet of Bellingham
",4.6,"(1,483 reviews)",3
56,2017 Lexus CT 200h Base,"44,103 mi.","$23,490",Good Deal | $294 under,"
Buick GMC of Beaverton
",4.4,(568 reviews),3
57,2021 Land Rover Range Rover Velar R-Dynamic S,"20,763 mi.","$67,950","Good Deal | $2,036 under","
Jaguar Land Rover Bellevue
",4.5,"(2,210 reviews)",3
58,2018 Hyundai IONIQ Hybrid SEL,"110,136 mi.","$18,250",Good Deal,"
Toyota of Olympia
",3.4,(111 reviews),3
59,2020 Mercedes-Benz AMG SLC 43 Base,"9,263 mi.","$64,017",Great Deal,"
Mercedes-Benz of Portland
",4.6,"(1,468 reviews)",3
60,2022 Lexus IS 500 F-SPORT PERFORMANCE,"2,760 mi.","$74,998",Great Deal,"
CarMax Melbourne - Now offering Curbside Pickup and Home Delivery
",,(0 reviews),3
61,2021 Lincoln Corsair Reserve,,"$37,500","Great Deal | $2,934 under","
Mullinax Ford of New Smyrna Beach
",4.6,(715 reviews),3
62,2020 Audi S6 2.9T Premium Plus,"23,588 mi.","$69,991",Fair Deal,"
Daytona Motor Company
",,,3
63,2019 Honda CR-V EX-L,"34,591 mi.","$29,855",Good Deal,"
Rapids Honda
",4.6,"(2,741 reviews)",4
64,2002 Ford F-350 XLT,"122,742 mi.","$21,688","Good Deal | $1,002 under","
Autowise
",4.5,(78 reviews),4
65,2020 Jaguar XE R-Dynamic S,"10,951 mi.","$44,998",Good Deal,"
CarMax Renton - Now offering Curbside Pickup
",4.0,(4 reviews),4
66,2022 Mercedes-Benz AMG GLC 43 AMG GLC 43,"4,603 mi.","$74,995",Good Deal,"
Mercedes-Benz of Lynnwood
",4.5,(125 reviews),4
67,2007 Mazda MX-5 Miata Grand Touring,"105,722 mi.","$10,499","Great Deal | $1,246 under","
Executive Autosport
",4.7,(39 reviews),4
68,2014 Chevrolet SS Base,"75,264 mi.","$36,950",Good Deal,"
LKL Motors
",4.7,(30 reviews),4
69,2012 Ferrari FF Base,"19,920 mi.","$151,895",Good Deal,"
Ferrari Maserati of Central Florida
",4.1,(33 reviews),4
70,2020 Volvo S90 T6 R-Design,"20,653 mi.","$39,995",Good Deal,"
Off Lease Only Orlando
",4.9,"(28,343 reviews)",4
71,2018 Toyota Avalon Hybrid XLE Plus,"39,998 mi.","$29,889",Good Deal,"
Puyallup Mazda
",4.7,(258 reviews),4
72,2021 Ford Expedition Max Platinum,"11,738 mi.","$75,999",Good Deal | $657 under,"
Jess Ford of Grand Coulee
",4.9,(22 reviews),4
73,2016 Audi S4 3.0T Premium Plus,"52,136 mi.","$31,999","Good Deal | $1,089 under","
Off Lease Only Orlando
",4.9,"(28,343 reviews)",4
74,2015 Maserati GranTurismo Sport,"28,838 mi.","$56,000","Good Deal | $1,970 under","
Ferrari Maserati of Central Florida
",4.1,(33 reviews),4
75,2019 Porsche 718 Cayman S,"8,610 mi.","$74,773","Great Deal | $4,503 under","
Kuni BMW
",4.7,"(1,397 reviews)",4
76,2018 Lincoln Navigator L Black Label,"57,774 mi.","$59,999","Great Deal | $3,914 under","
Northwest Chevrolet of Bellingham
",4.6,"(1,483 reviews)",4
77,2017 Lexus CT 200h Base,"44,103 mi.","$23,490",Good Deal | $294 under,"
Buick GMC of Beaverton
",4.4,(568 reviews),4
78,2021 Land Rover Range Rover Velar R-Dynamic S,"20,763 mi.","$67,950","Good Deal | $2,036 under","
Jaguar Land Rover Bellevue
",4.5,"(2,210 reviews)",4
79,2018 Hyundai IONIQ Hybrid SEL,"110,136 mi.","$18,250",Good Deal,"
Toyota of Olympia
",3.4,(111 reviews),4
80,2020 Mercedes-Benz AMG SLC 43 Base,"9,263 mi.","$64,017",Great Deal,"
Mercedes-Benz of Portland
",4.6,"(1,468 reviews)",4
81,2022 Lexus IS 500 F-SPORT PERFORMANCE,"2,760 mi.","$74,998",Great Deal,"
CarMax Melbourne - Now offering Curbside Pickup and Home Delivery
",,(0 reviews),4
82,2021 Lincoln Corsair Reserve,,"$37,500","Great Deal | $2,934 under","
Mullinax Ford of New Smyrna Beach
",4.6,(715 reviews),4
83,2020 Audi S6 2.9T Premium Plus,"23,588 mi.","$69,991",Fair Deal,"
Daytona Motor Company
",,,4
84,2019 Honda CR-V EX-L,"34,591 mi.","$29,855",Good Deal,"
Rapids Honda
",4.6,"(2,741 reviews)",5
85,2002 Ford F-350 XLT,"122,742 mi.","$21,688","Good Deal | $1,002 under","
Autowise
",4.5,(78 reviews),5
86,2014 Chevrolet SS Base,"75,264 mi.","$36,950",Good Deal,"
LKL Motors
",4.7,(30 reviews),5
87,2020 Jaguar XE R-Dynamic S,"10,951 mi.","$44,998",Good Deal,"
CarMax Renton - Now offering Curbside Pickup
",4.0,(4 reviews),5
88,2022 Mercedes-Benz AMG GLC 43 AMG GLC 43,"4,603 mi.","$74,995",Good Deal,"
Mercedes-Benz of Lynnwood
",4.5,(125 reviews),5
89,2007 Mazda MX-5 Miata Grand Touring,"105,722 mi.","$10,499","Great Deal | $1,246 under","
Executive Autosport
",4.7,(39 reviews),5
90,2020 Volvo S90 T6 R-Design,"20,653 mi.","$39,995",Good Deal,"
Off Lease Only Orlando
",4.9,"(28,343 reviews)",5
91,2017 Nissan NV200 SV,"7,331 mi.","$32,998",Fair Deal,"
CarMax Beaverton - Now offering Curbside Pickup
",3.6,(8 reviews),5
92,2021 Ford Expedition Max Platinum,"11,738 mi.","$75,999",Good Deal | $657 under,"
Jess Ford of Grand Coulee
",4.9,(22 reviews),5
93,2016 Audi S4 3.0T Premium Plus,"52,136 mi.","$31,999","Good Deal | $1,089 under","
Off Lease Only Orlando
",4.9,"(28,343 reviews)",5
94,2019 Porsche 718 Cayman S,"8,610 mi.","$74,773","Great Deal | $4,503 under","
Kuni BMW
",4.7,"(1,397 reviews)",5
95,2018 Lincoln Navigator L Black Label,"57,774 mi.","$59,999","Great Deal | $3,914 under","
Northwest Chevrolet of Bellingham
",4.6,"(1,483 reviews)",5
96,2017 Lexus CT 200h Base,"44,103 mi.","$23,490",Good Deal | $294 under,"
Buick GMC of Beaverton
",4.4,(568 reviews),5
97,2012 Ferrari FF Base,"19,920 mi.","$151,895",Good Deal,"
Ferrari Maserati of Central Florida
",4.1,(33 reviews),5
98,2014 Ford Expedition EL XLT,"115,671 mi.","$14,950","Great Deal | $2,878 under","
Shift Seattle - Online
",,(0 reviews),5
99,2020 Audi S6 2.9T Premium Plus,"23,588 mi.","$69,991",Fair Deal,"
Daytona Motor Company
",,,5
100,2022 Genesis G70 3.3T,"21,010 mi.","$44,851",Fair Deal,"
Mercedes-Benz of Portland
",4.6,"(1,468 reviews)",5
101,2017 Jaguar F-PACE 35t R-Sport,"30,953 mi.","$39,000","Great Deal | $3,824 under","
Millennium Auto Sales
",4.8,(19 reviews),5
102,2016 BMW 535 i,"41,089 mi.","$26,990",Good Deal | $986 under,"
Holler Hyundai
",4.8,"(1,898 reviews)",5
103,2018 Toyota Avalon Hybrid XLE Plus,"39,998 mi.","$29,889",Good Deal,"
Puyallup Mazda
",4.7,(258 reviews),5
104,2021 Land Rover Range Rover Velar R-Dynamic S,"20,763 mi.","$67,950","Good Deal | $2,036 under","
Jaguar Land Rover Bellevue
",4.5,"(2,210 reviews)",5
105,2019 Honda CR-V EX-L,"34,591 mi.","$29,855",Good Deal,"
Rapids Honda
",4.6,"(2,741 reviews)",6
106,2002 Ford F-350 XLT,"122,742 mi.","$21,688","Good Deal | $1,002 under","
Autowise
",4.5,(78 reviews),6
107,2014 Chevrolet SS Base,"75,264 mi.","$36,950",Good Deal,"
LKL Motors
",4.7,(30 reviews),6
108,2012 Ferrari FF Base,"19,920 mi.","$151,895",Good Deal,"
Ferrari Maserati of Central Florida
",4.1,(33 reviews),6
109,2007 Mazda MX-5 Miata Grand Touring,"105,722 mi.","$10,499","Great Deal | $1,246 under","
Executive Autosport
",4.7,(39 reviews),6
110,2017 Lexus CT 200h Base,"44,103 mi.","$23,490",Good Deal | $294 under,"
Buick GMC of Beaverton
",4.4,(568 reviews),6
111,2020 Volvo S90 T6 R-Design,"20,653 mi.","$39,995",Good Deal,"
Off Lease Only Orlando
",4.9,"(28,343 reviews)",6
112,2018 Toyota Avalon Hybrid XLE Plus,"39,998 mi.","$29,889",Good Deal,"
Puyallup Mazda
",4.7,(258 reviews),6
113,2021 Land Rover Range Rover Velar R-Dynamic S,"20,763 mi.","$67,950","Good Deal | $2,036 under","
Jaguar Land Rover Bellevue
",4.5,"(2,210 reviews)",6
114,2017 Maserati Levante S,"63,592 mi.","$39,995",Good Deal,"
Siamak's Car Company LLC
",4.3,(95 reviews),6
115,2019 Porsche 718 Cayman S,"8,610 mi.","$74,773","Great Deal | $4,503 under","
Kuni BMW
",4.7,"(1,397 reviews)",6
116,2018 Lincoln Navigator L Black Label,"57,774 mi.","$59,999","Great Deal | $3,914 under","
Northwest Chevrolet of Bellingham
",4.6,"(1,483 reviews)",6
117,2020 Jaguar XE R-Dynamic S,"10,951 mi.","$44,998",Good Deal,"
CarMax Renton - Now offering Curbside Pickup
",4.0,(4 reviews),6
118,2022 Mercedes-Benz AMG GLC 43 AMG GLC 43,"4,603 mi.","$74,995",Good Deal,"
Mercedes-Benz of Lynnwood
",4.5,(125 reviews),6
119,2022 Genesis G70 3.3T,"21,010 mi.","$44,851",Fair Deal,"
Mercedes-Benz of Portland
",4.6,"(1,468 reviews)",6
120,2017 Jaguar F-PACE 35t R-Sport,"30,953 mi.","$39,000","Great Deal | $3,824 under","
Millennium Auto Sales
",4.8,(19 reviews),6
121,2016 BMW 535 i,"41,089 mi.","$26,990",Good Deal | $986 under,"
Holler Hyundai
",4.8,"(1,898 reviews)",6
122,2014 Ford Expedition EL XLT,"115,671 mi.","$14,950","Great Deal | $2,878 under","
Shift Seattle - Online
",,(0 reviews),6
123,2017 Nissan NV200 SV,"7,331 mi.","$32,998",Fair Deal,"
CarMax Beaverton - Now offering Curbside Pickup
",3.6,(8 reviews),6
124,2021 Ford Expedition Max Platinum,"11,738 mi.","$75,999",Good Deal | $657 under,"
Jess Ford of Grand Coulee
",4.9,(22 reviews),6
125,2016 Audi S4 3.0T Premium Plus,"52,136 mi.","$31,999","Good Deal | $1,089 under","
Off Lease Only Orlando
",4.9,"(28,343 reviews)",6
126,2019 Ford Edge Titanium,"27,056 mi.","$33,999","Good Deal | $1,088 under","
Cornerstone Plymouth
",4.6,(173 reviews),7
127,2002 Ford F-350 XLT,"122,742 mi.","$21,688","Good Deal | $1,002 under","
Autowise
",4.5,(78 reviews),7
128,2014 Chevrolet SS Base,"75,264 mi.","$36,950",Good Deal,"
LKL Motors
",4.7,(30 reviews),7
129,2012 Ferrari FF Base,"19,920 mi.","$151,895",Good Deal,"
Ferrari Maserati of Central Florida
",4.1,(33 reviews),7
130,2007 Mazda MX-5 Miata Grand Touring,"105,722 mi.","$10,499","Great Deal | $1,246 under","
Executive Autosport
",4.7,(39 reviews),7
131,2017 Lexus CT 200h Base,"44,103 mi.","$23,490",Good Deal | $294 under,"
Buick GMC of Beaverton
",4.4,(568 reviews),7
132,2020 Volvo S90 T6 R-Design,"20,653 mi.","$39,995",Good Deal,"
Off Lease Only Orlando
",4.9,"(28,343 reviews)",7
133,2018 Toyota Avalon Hybrid XLE Plus,"39,998 mi.","$29,889",Good Deal,"
Puyallup Mazda
",4.7,(258 reviews),7
134,2021 Land Rover Range Rover Velar R-Dynamic S,"20,763 mi.","$67,950","Good Deal | $2,036 under","
Jaguar Land Rover Bellevue
",4.5,"(2,210 reviews)",7
135,2017 Maserati Levante S,"63,592 mi.","$39,995",Good Deal,"
Siamak's Car Company LLC
",4.3,(95 reviews),7
136,2019 Porsche 718 Cayman S,"8,610 mi.","$74,773","Great Deal | $4,503 under","
Kuni BMW
",4.7,"(1,397 reviews)",7
137,2018 Lincoln Navigator L Black Label,"57,774 mi.","$59,999","Great Deal | $3,914 under","
Northwest Chevrolet of Bellingham
",4.6,"(1,483 reviews)",7
138,2020 Jaguar XE R-Dynamic S,"10,951 mi.","$44,998",Good Deal,"
CarMax Renton - Now offering Curbside Pickup
",4.0,(4 reviews),7
139,2022 Mercedes-Benz AMG GLC 43 AMG GLC 43,"4,603 mi.","$74,995",Good Deal,"
Mercedes-Benz of Lynnwood
",4.5,(125 reviews),7
140,2022 Genesis G70 3.3T,"21,010 mi.","$44,851",Fair Deal,"
Mercedes-Benz of Portland
",4.6,"(1,468 reviews)",7
141,2017 Jaguar F-PACE 35t R-Sport,"30,953 mi.","$39,000","Great Deal | $3,824 under","
Millennium Auto Sales
",4.8,(19 reviews),7
142,2016 BMW 535 i,"41,089 mi.","$26,990",Good Deal | $986 under,"
Holler Hyundai
",4.8,"(1,898 reviews)",7
143,2014 Ford Expedition EL XLT,"115,671 mi.","$14,950","Great Deal | $2,878 under","
Shift Seattle - Online
",,(0 reviews),7
144,2017 Nissan NV200 SV,"7,331 mi.","$32,998",Fair Deal,"
CarMax Beaverton - Now offering Curbside Pickup
",3.6,(8 reviews),7
145,2021 Ford Expedition Max Platinum,"11,738 mi.","$75,999",Good Deal | $657 under,"
Jess Ford of Grand Coulee
",4.9,(22 reviews),7
146,2016 Audi S4 3.0T Premium Plus,"52,136 mi.","$31,999","Good Deal | $1,089 under","
Off Lease Only Orlando
",4.9,"(28,343 reviews)",7
147,2019 Ford Edge Titanium,"27,056 mi.","$33,999","Good Deal | $1,088 under","
Cornerstone Plymouth
",4.6,(173 reviews),8
148,2002 Ford F-350 XLT,"122,742 mi.","$21,688","Good Deal | $1,002 under","
Autowise
",4.5,(78 reviews),8
149,2007 Mazda MX-5 Miata Grand Touring,"105,722 mi.","$10,499","Great Deal | $1,246 under","
Executive Autosport
",4.7,(39 reviews),8
150,2020 Jaguar XE R-Dynamic S,"10,951 mi.","$44,998",Good Deal,"
CarMax Renton - Now offering Curbside Pickup
",4.0,(4 reviews),8
151,2022 Mercedes-Benz AMG GLC 43 AMG GLC 43,"4,603 mi.","$74,995",Good Deal,"
Mercedes-Benz of Lynnwood
",4.5,(125 reviews),8
152,2017 Lexus CT 200h Base,"44,103 mi.","$23,490",Good Deal | $294 under,"
Buick GMC of Beaverton
",4.4,(568 reviews),8
153,2021 Land Rover Range Rover Velar R-Dynamic S,"20,763 mi.","$67,950","Good Deal | $2,036 under","
Jaguar Land Rover Bellevue
",4.5,"(2,210 reviews)",8
154,2017 Maserati Levante S,"63,592 mi.","$39,995",Good Deal,"
Siamak's Car Company LLC
",4.3,(95 reviews),8
155,2012 Ferrari FF Base,"19,920 mi.","$151,895",Good Deal,"
Ferrari Maserati of Central Florida
",4.1,(33 reviews),8
156,2020 Volvo S90 T6 R-Design,"20,653 mi.","$39,995",Good Deal,"
Off Lease Only Orlando
",4.9,"(28,343 reviews)",8
157,2018 Toyota Avalon Hybrid XLE Plus,"39,998 mi.","$29,889",Good Deal,"
Puyallup Mazda
",4.7,(258 reviews),8
158,2014 Chevrolet SS Base,"75,264 mi.","$36,950",Good Deal,"
LKL Motors
",4.7,(30 reviews),8
159,2019 Porsche 718 Cayman S,"8,610 mi.","$74,773","Great Deal | $4,503 under","
Kuni BMW
",4.7,"(1,397 reviews)",8
160,2018 Lincoln Navigator L Black Label,"57,774 mi.","$59,999","Great Deal | $3,914 under","
Northwest Chevrolet of Bellingham
",4.6,"(1,483 reviews)",8
161,2020 Mercedes-Benz AMG SLC 43 Base,"9,263 mi.","$64,017",Great Deal,"
Mercedes-Benz of Portland
",4.6,"(1,468 reviews)",8
162,2021 Mazda Mazda6 Carbon Edition,"9,815 mi.","$33,998",Good Deal,"
CarMax Spokane - Now offering Curbside Pickup
",5.0,(1 review),8
163,2010 BMW X3 xDrive30i,"89,728 mi.","$12,440",Fair Deal,"
Kuni BMW
",4.7,"(1,397 reviews)",8
164,2017 Nissan NV200 SV,"7,331 mi.","$32,998",Fair Deal,"
CarMax Beaverton - Now offering Curbside Pickup
",3.6,(8 reviews),8
165,2015 Maserati GranTurismo Sport,"28,838 mi.","$56,000","Good Deal | $1,970 under","
Ferrari Maserati of Central Florida
",4.1,(33 reviews),8
166,2014 Ford Expedition EL XLT,"115,671 mi.","$14,950","Great Deal | $2,878 under","
Shift Seattle - Online
",,(0 reviews),8
167,2020 Audi S6 2.9T Premium Plus,"23,588 mi.","$69,991",Fair Deal,"
Daytona Motor Company
",,,8
168,2019 Honda CR-V EX-L,"34,591 mi.","$29,855",Good Deal,"
Rapids Honda
",4.6,"(2,741 reviews)",9
169,2002 Ford F-350 XLT,"122,742 mi.","$21,688","Good Deal | $1,002 under","
Autowise
",4.5,(78 reviews),9
170,2022 Mercedes-Benz AMG GLC 43 AMG GLC 43,"4,603 mi.","$74,995",Good Deal,"
Mercedes-Benz of Lynnwood
",4.5,(125 reviews),9
171,2014 Chevrolet SS Base,"75,264 mi.","$36,950",Good Deal,"
LKL Motors
",4.7,(30 reviews),9
172,2020 Jaguar XE R-Dynamic S,"10,951 mi.","$44,998",Good Deal,"
CarMax Renton - Now offering Curbside Pickup
",4.0,(4 reviews),9
173,2012 Ferrari FF Base,"19,920 mi.","$151,895",Good Deal,"
Ferrari Maserati of Central Florida
",4.1,(33 reviews),9
174,2007 Mazda MX-5 Miata Grand Touring,"105,722 mi.","$10,499","Great Deal | $1,246 under","
Executive Autosport
",4.7,(39 reviews),9
175,2020 Volvo S90 T6 R-Design,"20,653 mi.","$39,995",Good Deal,"
Off Lease Only Orlando
",4.9,"(28,343 reviews)",9
176,2018 Toyota Avalon Hybrid XLE Plus,"39,998 mi.","$29,889",Good Deal,"
Puyallup Mazda
",4.7,(258 reviews),9
177,2021 Lincoln Corsair Reserve,,"$37,500","Great Deal | $2,934 under","
Mullinax Ford of New Smyrna Beach
",4.6,(715 reviews),9
178,2015 Maserati GranTurismo Sport,"28,838 mi.","$56,000","Good Deal | $1,970 under","
Ferrari Maserati of Central Florida
",4.1,(33 reviews),9
179,2019 Porsche 718 Cayman S,"8,610 mi.","$74,773","Great Deal | $4,503 under","
Kuni BMW
",4.7,"(1,397 reviews)",9
180,2018 Lincoln Navigator L Black Label,"57,774 mi.","$59,999","Great Deal | $3,914 under","
Northwest Chevrolet of Bellingham
",4.6,"(1,483 reviews)",9
181,2022 Genesis G70 3.3T,"21,010 mi.","$44,851",Fair Deal,"
Mercedes-Benz of Portland
",4.6,"(1,468 reviews)",9
182,2017 Jaguar F-PACE 35t R-Sport,"30,953 mi.","$39,000","Great Deal | $3,824 under","
Millennium Auto Sales
",4.8,(19 reviews),9
183,2016 BMW 535 i,"41,089 mi.","$26,990",Good Deal | $986 under,"
Holler Hyundai
",4.8,"(1,898 reviews)",9
184,2014 Ford Expedition EL XLT,"115,671 mi.","$14,950","Great Deal | $2,878 under","
Shift Seattle - Online
",,(0 reviews),9
185,2022 Lexus IS 500 F-SPORT PERFORMANCE,"2,760 mi.","$74,998",Great Deal,"
CarMax Melbourne - Now offering Curbside Pickup and Home Delivery
",,(0 reviews),9
186,2020 Lincoln MKZ Hybrid Reserve,"13,881 mi.","$40,000",Good Deal,"
Way Scarff Ford in Auburn
",4.7,(586 reviews),9
187,2021 Land Rover Range Rover Velar R-Dynamic S,"20,763 mi.","$67,950","Good Deal | $2,036 under","
Jaguar Land Rover Bellevue
",4.5,"(2,210 reviews)",9
188,2017 Maserati Levante S,"63,592 mi.","$39,995",Good Deal,"
Siamak's Car Company LLC
",4.3,(95 reviews),9
189,2019 Honda CR-V EX-L,"34,591 mi.","$29,855",Good Deal,"
Rapids Honda
",4.6,"(2,741 reviews)",10
190,2002 Ford F-350 XLT,"122,742 mi.","$21,688","Good Deal | $1,002 under","
Autowise
",4.5,(78 reviews),10
191,2020 Jaguar XE R-Dynamic S,"10,951 mi.","$44,998",Good Deal,"
CarMax Renton - Now offering Curbside Pickup
",4.0,(4 reviews),10
192,2022 Mercedes-Benz AMG GLC 43 AMG GLC 43,"4,603 mi.","$74,995",Good Deal,"
Mercedes-Benz of Lynnwood
",4.5,(125 reviews),10
193,2014 Chevrolet SS Base,"75,264 mi.","$36,950",Good Deal,"
LKL Motors
",4.7,(30 reviews),10
194,2021 Land Rover Range Rover Velar R-Dynamic S,"20,763 mi.","$67,950","Good Deal | $2,036 under","
Jaguar Land Rover Bellevue
",4.5,"(2,210 reviews)",10
195,2017 Maserati Levante S,"63,592 mi.","$39,995",Good Deal,"
Siamak's Car Company LLC
",4.3,(95 reviews),10
196,2007 Mazda MX-5 Miata Grand Touring,"105,722 mi.","$10,499","Great Deal | $1,246 under","
Executive Autosport
",4.7,(39 reviews),10
197,2015 Maserati GranTurismo Sport,"28,838 mi.","$56,000","Good Deal | $1,970 under","
Ferrari Maserati of Central Florida
",4.1,(33 reviews),10
198,2020 Audi S6 2.9T Premium Plus,"23,588 mi.","$69,991",Fair Deal,"
Daytona Motor Company
",,,10
199,2022 Genesis G70 3.3T,"21,010 mi.","$44,851",Fair Deal,"
Mercedes-Benz of Portland
",4.6,"(1,468 reviews)",10
200,2017 Jaguar F-PACE 35t R-Sport,"30,953 mi.","$39,000","Great Deal | $3,824 under","
Millennium Auto Sales
",4.8,(19 reviews),10
201,2016 BMW 535 i,"41,089 mi.","$26,990",Good Deal | $986 under,"
Holler Hyundai
",4.8,"(1,898 reviews)",10
202,2014 Ford Expedition EL XLT,"115,671 mi.","$14,950","Great Deal | $2,878 under","
Shift Seattle - Online
",,(0 reviews),10
203,2020 Volvo S90 T6 R-Design,"20,653 mi.","$39,995",Good Deal,"
Off Lease Only Orlando
",4.9,"(28,343 reviews)",10
204,2018 Toyota Avalon Hybrid XLE Plus,"39,998 mi.","$29,889",Good Deal,"
Puyallup Mazda
",4.7,(258 reviews),10
205,2017 Lexus CT 200h Base,"44,103 mi.","$23,490",Good Deal | $294 under,"
Buick GMC of Beaverton
",4.4,(568 reviews),10
206,2020 Mercedes-Benz AMG SLC 43 Base,"9,263 mi.","$64,017",Great Deal,"
Mercedes-Benz of Portland
",4.6,"(1,468 reviews)",10
207,2022 Lexus IS 500 F-SPORT PERFORMANCE,"2,760 mi.","$74,998",Great Deal,"
CarMax Melbourne - Now offering Curbside Pickup and Home Delivery
",,(0 reviews),10
208,2012 Ferrari FF Base,"19,920 mi.","$151,895",Good Deal,"
Ferrari Maserati of Central Florida
",4.1,(33 reviews),10
209,2019 Porsche 718 Cayman S,"8,610 mi.","$74,773","Great Deal | $4,503 under","
Kuni BMW
",4.7,"(1,397 reviews)",10
210,2019 Honda CR-V EX-L,"34,591 mi.","$29,855",Good Deal,"
Rapids Honda
",4.6,"(2,741 reviews)",11
211,2002 Ford F-350 XLT,"122,742 mi.","$21,688","Good Deal | $1,002 under","
Autowise
",4.5,(78 reviews),11
212,2014 Chevrolet SS Base,"75,264 mi.","$36,950",Good Deal,"
LKL Motors
",4.7,(30 reviews),11
213,2020 Jaguar XE R-Dynamic S,"10,951 mi.","$44,998",Good Deal,"
CarMax Renton - Now offering Curbside Pickup
",4.0,(4 reviews),11
214,2022 Mercedes-Benz AMG GLC 43 AMG GLC 43,"4,603 mi.","$74,995",Good Deal,"
Mercedes-Benz of Lynnwood
",4.5,(125 reviews),11
215,2007 Mazda MX-5 Miata Grand Touring,"105,722 mi.","$10,499","Great Deal | $1,246 under","
Executive Autosport
",4.7,(39 reviews),11
216,2020 Volvo S90 T6 R-Design,"20,653 mi.","$39,995",Good Deal,"
Off Lease Only Orlando
",4.9,"(28,343 reviews)",11
217,2017 Nissan NV200 SV,"7,331 mi.","$32,998",Fair Deal,"
CarMax Beaverton - Now offering Curbside Pickup
",3.6,(8 reviews),11
218,2021 Ford Expedition Max Platinum,"11,738 mi.","$75,999",Good Deal | $657 under,"
Jess Ford of Grand Coulee
",4.9,(22 reviews),11
219,2016 Audi S4 3.0T Premium Plus,"52,136 mi.","$31,999","Good Deal | $1,089 under","
Off Lease Only Orlando
",4.9,"(28,343 reviews)",11
220,2019 Porsche 718 Cayman S,"8,610 mi.","$74,773","Great Deal | $4,503 under","
Kuni BMW
",4.7,"(1,397 reviews)",11
221,2018 Lincoln Navigator L Black Label,"57,774 mi.","$59,999","Great Deal | $3,914 under","
Northwest Chevrolet of Bellingham
",4.6,"(1,483 reviews)",11
222,2017 Lexus CT 200h Base,"44,103 mi.","$23,490",Good Deal | $294 under,"
Buick GMC of Beaverton
",4.4,(568 reviews),11
223,2012 Ferrari FF Base,"19,920 mi.","$151,895",Good Deal,"
Ferrari Maserati of Central Florida
",4.1,(33 reviews),11
224,2014 Ford Expedition EL XLT,"115,671 mi.","$14,950","Great Deal | $2,878 under","
Shift Seattle - Online
",,(0 reviews),11
225,2020 Audi S6 2.9T Premium Plus,"23,588 mi.","$69,991",Fair Deal,"
Daytona Motor Company
",,,11
226,2022 Genesis G70 3.3T,"21,010 mi.","$44,851",Fair Deal,"
Mercedes-Benz of Portland
",4.6,"(1,468 reviews)",11
227,2017 Jaguar F-PACE 35t R-Sport,"30,953 mi.","$39,000","Great Deal | $3,824 under","
Millennium Auto Sales
",4.8,(19 reviews),11
228,2016 BMW 535 i,"41,089 mi.","$26,990",Good Deal | $986 under,"
Holler Hyundai
",4.8,"(1,898 reviews)",11
229,2018 Toyota Avalon Hybrid XLE Plus,"39,998 mi.","$29,889",Good Deal,"
Puyallup Mazda
",4.7,(258 reviews),11
230,2021 Land Rover Range Rover Velar R-Dynamic S,"20,763 mi.","$67,950","Good Deal | $2,036 under","
Jaguar Land Rover Bellevue
",4.5,"(2,210 reviews)",11
231,2019 Ford Edge Titanium,"27,056 mi.","$33,999","Good Deal | $1,088 under","
Cornerstone Plymouth
",4.6,(173 reviews),12
232,2002 Ford F-350 XLT,"122,742 mi.","$21,688","Good Deal | $1,002 under","
Autowise
",4.5,(78 reviews),12
233,2020 Jaguar XE R-Dynamic S,"10,951 mi.","$44,998",Good Deal,"
CarMax Renton - Now offering Curbside Pickup
",4.0,(4 reviews),12
234,2022 Mercedes-Benz AMG GLC 43 AMG GLC 43,"4,603 mi.","$74,995",Good Deal,"
Mercedes-Benz of Lynnwood
",4.5,(125 reviews),12
235,2007 Mazda MX-5 Miata Grand Touring,"105,722 mi.","$10,499","Great Deal | $1,246 under","
Executive Autosport
",4.7,(39 reviews),12
236,2014 Chevrolet SS Base,"75,264 mi.","$36,950",Good Deal,"
LKL Motors
",4.7,(30 reviews),12
237,2012 Ferrari FF Base,"19,920 mi.","$151,895",Good Deal,"
Ferrari Maserati of Central Florida
",4.1,(33 reviews),12
238,2020 Volvo S90 T6 R-Design,"20,653 mi.","$39,995",Good Deal,"
Off Lease Only Orlando
",4.9,"(28,343 reviews)",12
239,2018 Toyota Avalon Hybrid XLE Plus,"39,998 mi.","$29,889",Good Deal,"
Puyallup Mazda
",4.7,(258 reviews),12
240,2021 Ford Expedition Max Platinum,"11,738 mi.","$75,999",Good Deal | $657 under,"
Jess Ford of Grand Coulee
",4.9,(22 reviews),12
241,2016 Audi S4 3.0T Premium Plus,"52,136 mi.","$31,999","Good Deal | $1,089 under","
Off Lease Only Orlando
",4.9,"(28,343 reviews)",12
242,2015 Maserati GranTurismo Sport,"28,838 mi.","$56,000","Good Deal | $1,970 under","
Ferrari Maserati of Central Florida
",4.1,(33 reviews),12
243,2019 Porsche 718 Cayman S,"8,610 mi.","$74,773","Great Deal | $4,503 under","
Kuni BMW
",4.7,"(1,397 reviews)",12
244,2018 Lincoln Navigator L Black Label,"57,774 mi.","$59,999","Great Deal | $3,914 under","
Northwest Chevrolet of Bellingham
",4.6,"(1,483 reviews)",12
245,2017 Lexus CT 200h Base,"44,103 mi.","$23,490",Good Deal | $294 under,"
Buick GMC of Beaverton
",4.4,(568 reviews),12
246,2021 Land Rover Range Rover Velar R-Dynamic S,"20,763 mi.","$67,950","Good Deal | $2,036 under","
Jaguar Land Rover Bellevue
",4.5,"(2,210 reviews)",12
247,2018 Hyundai IONIQ Hybrid SEL,"110,136 mi.","$18,250",Good Deal,"
Toyota of Olympia
",3.4,(111 reviews),12
248,2020 Mercedes-Benz AMG SLC 43 Base,"9,263 mi.","$64,017",Great Deal,"
Mercedes-Benz of Portland
",4.6,"(1,468 reviews)",12
249,2022 Lexus IS 500 F-SPORT PERFORMANCE,"2,760 mi.","$74,998",Great Deal,"
CarMax Melbourne - Now offering Curbside Pickup and Home Delivery
",,(0 reviews),12
250,2021 Lincoln Corsair Reserve,,"$37,500","Great Deal | $2,934 under","
Mullinax Ford of New Smyrna Beach
",4.6,(715 reviews),12
251,2020 Audi S6 2.9T Premium Plus,"23,588 mi.","$69,991",Fair Deal,"
Daytona Motor Company
",,,12
252,2019 Honda CR-V EX-L,"34,591 mi.","$29,855",Good Deal,"
Rapids Honda
",4.6,"(2,741 reviews)",13
253,2002 Ford F-350 XLT,"122,742 mi.","$21,688","Good Deal | $1,002 under","
Autowise
",4.5,(78 reviews),13
254,2007 Mazda MX-5 Miata Grand Touring,"105,722 mi.","$10,499","Great Deal | $1,246 under","
Executive Autosport
",4.7,(39 reviews),13
255,2020 Jaguar XE R-Dynamic S,"10,951 mi.","$44,998",Good Deal,"
CarMax Renton - Now offering Curbside Pickup
",4.0,(4 reviews),13
256,2022 Mercedes-Benz AMG GLC 43 AMG GLC 43,"4,603 mi.","$74,995",Good Deal,"
Mercedes-Benz of Lynnwood
",4.5,(125 reviews),13
257,2017 Lexus CT 200h Base,"44,103 mi.","$23,490",Good Deal | $294 under,"
Buick GMC of Beaverton
",4.4,(568 reviews),13
258,2021 Land Rover Range Rover Velar R-Dynamic S,"20,763 mi.","$67,950","Good Deal | $2,036 under","
Jaguar Land Rover Bellevue
",4.5,"(2,210 reviews)",13
259,2017 Maserati Levante S,"63,592 mi.","$39,995",Good Deal,"
Siamak's Car Company LLC
",4.3,(95 reviews),13
260,2012 Ferrari FF Base,"19,920 mi.","$151,895",Good Deal,"
Ferrari Maserati of Central Florida
",4.1,(33 reviews),13
261,2020 Volvo S90 T6 R-Design,"20,653 mi.","$39,995",Good Deal,"
Off Lease Only Orlando
",4.9,"(28,343 reviews)",13
262,2018 Toyota Avalon Hybrid XLE Plus,"39,998 mi.","$29,889",Good Deal,"
Puyallup Mazda
",4.7,(258 reviews),13
263,2014 Chevrolet SS Base,"75,264 mi.","$36,950",Good Deal,"
LKL Motors
",4.7,(30 reviews),13
264,2019 Porsche 718 Cayman S,"8,610 mi.","$74,773","Great Deal | $4,503 under","
Kuni BMW
",4.7,"(1,397 reviews)",13
265,2018 Lincoln Navigator L Black Label,"57,774 mi.","$59,999","Great Deal | $3,914 under","
Northwest Chevrolet of Bellingham
",4.6,"(1,483 reviews)",13
266,2020 Mercedes-Benz AMG SLC 43 Base,"9,263 mi.","$64,017",Great Deal,"
Mercedes-Benz of Portland
",4.6,"(1,468 reviews)",13
267,2021 Mazda Mazda6 Carbon Edition,"9,815 mi.","$33,998",Good Deal,"
CarMax Spokane - Now offering Curbside Pickup
",5.0,(1 review),13
268,2010 BMW X3 xDrive30i,"89,728 mi.","$12,440",Fair Deal,"
Kuni BMW
",4.7,"(1,397 reviews)",13
269,2017 Nissan NV200 SV,"7,331 mi.","$32,998",Fair Deal,"
CarMax Beaverton - Now offering Curbside Pickup
",3.6,(8 reviews),13
270,2015 Maserati GranTurismo Sport,"28,838 mi.","$56,000","Good Deal | $1,970 under","
Ferrari Maserati of Central Florida
",4.1,(33 reviews),13
271,2014 Ford Expedition EL XLT,"115,671 mi.","$14,950","Great Deal | $2,878 under","
Shift Seattle - Online
",,(0 reviews),13
272,2020 Audi S6 2.9T Premium Plus,"23,588 mi.","$69,991",Fair Deal,"
Daytona Motor Company
",,,13
273,2019 Honda CR-V EX-L,"34,591 mi.","$29,855",Good Deal,"
Rapids Honda
",4.6,"(2,741 reviews)",14
274,2002 Ford F-350 XLT,"122,742 mi.","$21,688","Good Deal | $1,002 under","
Autowise
",4.5,(78 reviews),14
275,2020 Jaguar XE R-Dynamic S,"10,951 mi.","$44,998",Good Deal,"
CarMax Renton - Now offering Curbside Pickup
",4.0,(4 reviews),14
276,2022 Mercedes-Benz AMG GLC 43 AMG GLC 43,"4,603 mi.","$74,995",Good Deal,"
Mercedes-Benz of Lynnwood
",4.5,(125 reviews),14
277,2007 Mazda MX-5 Miata Grand Touring,"105,722 mi.","$10,499","Great Deal | $1,246 under","
Executive Autosport
",4.7,(39 reviews),14
278,2014 Chevrolet SS Base,"75,264 mi.","$36,950",Good Deal,"
LKL Motors
",4.7,(30 reviews),14
279,2012 Ferrari FF Base,"19,920 mi.","$151,895",Good Deal,"
Ferrari Maserati of Central Florida
",4.1,(33 reviews),14
280,2020 Volvo S90 T6 R-Design,"20,653 mi.","$39,995",Good Deal,"
Off Lease Only Orlando
",4.9,"(28,343 reviews)",14
281,2018 Toyota Avalon Hybrid XLE Plus,"39,998 mi.","$29,889",Good Deal,"
Puyallup Mazda
",4.7,(258 reviews),14
282,2021 Ford Expedition Max Platinum,"11,738 mi.","$75,999",Good Deal | $657 under,"
Jess Ford of Grand Coulee
",4.9,(22 reviews),14
283,2016 Audi S4 3.0T Premium Plus,"52,136 mi.","$31,999","Good Deal | $1,089 under","
Off Lease Only Orlando
",4.9,"(28,343 reviews)",14
284,2015 Maserati GranTurismo Sport,"28,838 mi.","$56,000","Good Deal | $1,970 under","
Ferrari Maserati of Central Florida
",4.1,(33 reviews),14
285,2019 Porsche 718 Cayman S,"8,610 mi.","$74,773","Great Deal | $4,503 under","
Kuni BMW
",4.7,"(1,397 reviews)",14
286,2018 Lincoln Navigator L Black Label,"57,774 mi.","$59,999","Great Deal | $3,914 under","
Northwest Chevrolet of Bellingham
",4.6,"(1,483 reviews)",14
287,2017 Lexus CT 200h Base,"44,103 mi.","$23,490",Good Deal | $294 under,"
Buick GMC of Beaverton
",4.4,(568 reviews),14
288,2021 Land Rover Range Rover Velar R-Dynamic S,"20,763 mi.","$67,950","Good Deal | $2,036 under","
Jaguar Land Rover Bellevue
",4.5,"(2,210 reviews)",14
289,2018 Hyundai IONIQ Hybrid SEL,"110,136 mi.","$18,250",Good Deal,"
Toyota of Olympia
",3.4,(111 reviews),14
290,2020 Mercedes-Benz AMG SLC 43 Base,"9,263 mi.","$64,017",Great Deal,"
Mercedes-Benz of Portland
",4.6,"(1,468 reviews)",14
291,2022 Lexus IS 500 F-SPORT PERFORMANCE,"2,760 mi.","$74,998",Great Deal,"
CarMax Melbourne - Now offering Curbside Pickup and Home Delivery
",,(0 reviews),14
292,2021 Lincoln Corsair Reserve,,"$37,500","Great Deal | $2,934 under","
Mullinax Ford of New Smyrna Beach
",4.6,(715 reviews),14
293,2020 Audi S6 2.9T Premium Plus,"23,588 mi.","$69,991",Fair Deal,"
Daytona Motor Company
",,,14
294,2019 Honda CR-V EX-L,"34,591 mi.","$29,855",Good Deal,"
Rapids Honda
",4.6,"(2,741 reviews)",15
295,2002 Ford F-350 XLT,"122,742 mi.","$21,688","Good Deal | $1,002 under","
Autowise
",4.5,(78 reviews),15
296,2014 Chevrolet SS Base,"75,264 mi.","$36,950",Good Deal,"
LKL Motors
",4.7,(30 reviews),15
297,2012 Ferrari FF Base,"19,920 mi.","$151,895",Good Deal,"
Ferrari Maserati of Central Florida
",4.1,(33 reviews),15
298,2007 Mazda MX-5 Miata Grand Touring,"105,722 mi.","$10,499","Great Deal | $1,246 under","
Executive Autosport
",4.7,(39 reviews),15
299,2017 Lexus CT 200h Base,"44,103 mi.","$23,490",Good Deal | $294 under,"
Buick GMC of Beaverton
",4.4,(568 reviews),15
300,2020 Volvo S90 T6 R-Design,"20,653 mi.","$39,995",Good Deal,"
Off Lease Only Orlando
",4.9,"(28,343 reviews)",15
301,2018 Toyota Avalon Hybrid XLE Plus,"39,998 mi.","$29,889",Good Deal,"
Puyallup Mazda
",4.7,(258 reviews),15
302,2021 Land Rover Range Rover Velar R-Dynamic S,"20,763 mi.","$67,950","Good Deal | $2,036 under","
Jaguar Land Rover Bellevue
",4.5,"(2,210 reviews)",15
303,2017 Maserati Levante S,"63,592 mi.","$39,995",Good Deal,"
Siamak's Car Company LLC
",4.3,(95 reviews),15
304,2019 Porsche 718 Cayman S,"8,610 mi.","$74,773","Great Deal | $4,503 under","
Kuni BMW
",4.7,"(1,397 reviews)",15
305,2018 Lincoln Navigator L Black Label,"57,774 mi.","$59,999","Great Deal | $3,914 under","
Northwest Chevrolet of Bellingham
",4.6,"(1,483 reviews)",15
306,2020 Jaguar XE R-Dynamic S,"10,951 mi.","$44,998",Good Deal,"
CarMax Renton - Now offering Curbside Pickup
",4.0,(4 reviews),15
307,2022 Mercedes-Benz AMG GLC 43 AMG GLC 43,"4,603 mi.","$74,995",Good Deal,"
Mercedes-Benz of Lynnwood
",4.5,(125 reviews),15
308,2022 Genesis G70 3.3T,"21,010 mi.","$44,851",Fair Deal,"
Mercedes-Benz of Portland
",4.6,"(1,468 reviews)",15
309,2017 Jaguar F-PACE 35t R-Sport,"30,953 mi.","$39,000","Great Deal | $3,824 under","
Millennium Auto Sales
",4.8,(19 reviews),15
310,2016 BMW 535 i,"41,089 mi.","$26,990",Good Deal | $986 under,"
Holler Hyundai
",4.8,"(1,898 reviews)",15
311,2014 Ford Expedition EL XLT,"115,671 mi.","$14,950","Great Deal | $2,878 under","
Shift Seattle - Online
",,(0 reviews),15
312,2017 Nissan NV200 SV,"7,331 mi.","$32,998",Fair Deal,"
CarMax Beaverton - Now offering Curbside Pickup
",3.6,(8 reviews),15
313,2021 Ford Expedition Max Platinum,"11,738 mi.","$75,999",Good Deal | $657 under,"
Jess Ford of Grand Coulee
",4.9,(22 reviews),15
314,2016 Audi S4 3.0T Premium Plus,"52,136 mi.","$31,999","Good Deal | $1,089 under","
Off Lease Only Orlando
",4.9,"(28,343 reviews)",15
315,2019 Honda CR-V EX-L,"34,591 mi.","$29,855",Good Deal,"
Rapids Honda
",4.6,"(2,741 reviews)",16
316,2002 Ford F-350 XLT,"122,742 mi.","$21,688","Good Deal | $1,002 under","
Autowise
",4.5,(78 reviews),16
317,2007 Mazda MX-5 Miata Grand Touring,"105,722 mi.","$10,499","Great Deal | $1,246 under","
Executive Autosport
",4.7,(39 reviews),16
318,2020 Jaguar XE R-Dynamic S,"10,951 mi.","$44,998",Good Deal,"
CarMax Renton - Now offering Curbside Pickup
",4.0,(4 reviews),16
319,2022 Mercedes-Benz AMG GLC 43 AMG GLC 43,"4,603 mi.","$74,995",Good Deal,"
Mercedes-Benz of Lynnwood
",4.5,(125 reviews),16
320,2017 Lexus CT 200h Base,"44,103 mi.","$23,490",Good Deal | $294 under,"
Buick GMC of Beaverton
",4.4,(568 reviews),16
321,2021 Land Rover Range Rover Velar R-Dynamic S,"20,763 mi.","$67,950","Good Deal | $2,036 under","
Jaguar Land Rover Bellevue
",4.5,"(2,210 reviews)",16
322,2017 Maserati Levante S,"63,592 mi.","$39,995",Good Deal,"
Siamak's Car Company LLC
",4.3,(95 reviews),16
323,2012 Ferrari FF Base,"19,920 mi.","$151,895",Good Deal,"
Ferrari Maserati of Central Florida
",4.1,(33 reviews),16
324,2020 Volvo S90 T6 R-Design,"20,653 mi.","$39,995",Good Deal,"
Off Lease Only Orlando
",4.9,"(28,343 reviews)",16
325,2018 Toyota Avalon Hybrid XLE Plus,"39,998 mi.","$29,889",Good Deal,"
Puyallup Mazda
",4.7,(258 reviews),16
326,2014 Chevrolet SS Base,"75,264 mi.","$36,950",Good Deal,"
LKL Motors
",4.7,(30 reviews),16
327,2019 Porsche 718 Cayman S,"8,610 mi.","$74,773","Great Deal | $4,503 under","
Kuni BMW
",4.7,"(1,397 reviews)",16
328,2018 Lincoln Navigator L Black Label,"57,774 mi.","$59,999","Great Deal | $3,914 under","
Northwest Chevrolet of Bellingham
",4.6,"(1,483 reviews)",16
329,2020 Mercedes-Benz AMG SLC 43 Base,"9,263 mi.","$64,017",Great Deal,"
Mercedes-Benz of Portland
",4.6,"(1,468 reviews)",16
330,2021 Mazda Mazda6 Carbon Edition,"9,815 mi.","$33,998",Good Deal,"
CarMax Spokane - Now offering Curbside Pickup
",5.0,(1 review),16
331,2010 BMW X3 xDrive30i,"89,728 mi.","$12,440",Fair Deal,"
Kuni BMW
",4.7,"(1,397 reviews)",16
332,2017 Nissan NV200 SV,"7,331 mi.","$32,998",Fair Deal,"
CarMax Beaverton - Now offering Curbside Pickup
",3.6,(8 reviews),16
333,2015 Maserati GranTurismo Sport,"28,838 mi.","$56,000","Good Deal | $1,970 under","
Ferrari Maserati of Central Florida
",4.1,(33 reviews),16
334,2014 Ford Expedition EL XLT,"115,671 mi.","$14,950","Great Deal | $2,878 under","
Shift Seattle - Online
",,(0 reviews),16
335,2020 Audi S6 2.9T Premium Plus,"23,588 mi.","$69,991",Fair Deal,"
Daytona Motor Company
",,,16
336,2019 Ford Edge Titanium,"27,056 mi.","$33,999","Good Deal | $1,088 under","
Cornerstone Plymouth
",4.6,(173 reviews),17
337,2002 Ford F-350 XLT,"122,742 mi.","$21,688","Good Deal | $1,002 under","
Autowise
",4.5,(78 reviews),17
338,2014 Chevrolet SS Base,"75,264 mi.","$36,950",Good Deal,"
LKL Motors
",4.7,(30 reviews),17
339,2012 Ferrari FF Base,"19,920 mi.","$151,895",Good Deal,"
Ferrari Maserati of Central Florida
",4.1,(33 reviews),17
340,2007 Mazda MX-5 Miata Grand Touring,"105,722 mi.","$10,499","Great Deal | $1,246 under","
Executive Autosport
",4.7,(39 reviews),17
341,2017 Lexus CT 200h Base,"44,103 mi.","$23,490",Good Deal | $294 under,"
Buick GMC of Beaverton
",4.4,(568 reviews),17
342,2020 Volvo S90 T6 R-Design,"20,653 mi.","$39,995",Good Deal,"
Off Lease Only Orlando
",4.9,"(28,343 reviews)",17
343,2018 Toyota Avalon Hybrid XLE Plus,"39,998 mi.","$29,889",Good Deal,"
Puyallup Mazda
",4.7,(258 reviews),17
344,2021 Land Rover Range Rover Velar R-Dynamic S,"20,763 mi.","$67,950","Good Deal | $2,036 under","
Jaguar Land Rover Bellevue
",4.5,"(2,210 reviews)",17
345,2017 Maserati Levante S,"63,592 mi.","$39,995",Good Deal,"
Siamak's Car Company LLC
",4.3,(95 reviews),17
346,2019 Porsche 718 Cayman S,"8,610 mi.","$74,773","Great Deal | $4,503 under","
Kuni BMW
",4.7,"(1,397 reviews)",17
347,2018 Lincoln Navigator L Black Label,"57,774 mi.","$59,999","Great Deal | $3,914 under","
Northwest Chevrolet of Bellingham
",4.6,"(1,483 reviews)",17
348,2020 Jaguar XE R-Dynamic S,"10,951 mi.","$44,998",Good Deal,"
CarMax Renton - Now offering Curbside Pickup
",4.0,(4 reviews),17
349,2022 Mercedes-Benz AMG GLC 43 AMG GLC 43,"4,603 mi.","$74,995",Good Deal,"
Mercedes-Benz of Lynnwood
",4.5,(125 reviews),17
350,2022 Genesis G70 3.3T,"21,010 mi.","$44,851",Fair Deal,"
Mercedes-Benz of Portland
",4.6,"(1,468 reviews)",17
351,2017 Jaguar F-PACE 35t R-Sport,"30,953 mi.","$39,000","Great Deal | $3,824 under","
Millennium Auto Sales
",4.8,(19 reviews),17
352,2016 BMW 535 i,"41,089 mi.","$26,990",Good Deal | $986 under,"
Holler Hyundai
",4.8,"(1,898 reviews)",17
353,2014 Ford Expedition EL XLT,"115,671 mi.","$14,950","Great Deal | $2,878 under","
Shift Seattle - Online
",,(0 reviews),17
354,2017 Nissan NV200 SV,"7,331 mi.","$32,998",Fair Deal,"
CarMax Beaverton - Now offering Curbside Pickup
",3.6,(8 reviews),17
355,2021 Ford Expedition Max Platinum,"11,738 mi.","$75,999",Good Deal | $657 under,"
Jess Ford of Grand Coulee
",4.9,(22 reviews),17
356,2016 Audi S4 3.0T Premium Plus,"52,136 mi.","$31,999","Good Deal | $1,089 under","
Off Lease Only Orlando
",4.9,"(28,343 reviews)",17
357,2019 Honda CR-V EX-L,"34,591 mi.","$29,855",Good Deal,"
Rapids Honda
",4.6,"(2,741 reviews)",18
358,2002 Ford F-350 XLT,"122,742 mi.","$21,688","Good Deal | $1,002 under","
Autowise
",4.5,(78 reviews),18
359,2022 Mercedes-Benz AMG GLC 43 AMG GLC 43,"4,603 mi.","$74,995",Good Deal,"
Mercedes-Benz of Lynnwood
",4.5,(125 reviews),18
360,2014 Chevrolet SS Base,"75,264 mi.","$36,950",Good Deal,"
LKL Motors
",4.7,(30 reviews),18
361,2020 Jaguar XE R-Dynamic S,"10,951 mi.","$44,998",Good Deal,"
CarMax Renton - Now offering Curbside Pickup
",4.0,(4 reviews),18
362,2012 Ferrari FF Base,"19,920 mi.","$151,895",Good Deal,"
Ferrari Maserati of Central Florida
",4.1,(33 reviews),18
363,2007 Mazda MX-5 Miata Grand Touring,"105,722 mi.","$10,499","Great Deal | $1,246 under","
Executive Autosport
",4.7,(39 reviews),18
364,2020 Volvo S90 T6 R-Design,"20,653 mi.","$39,995",Good Deal,"
Off Lease Only Orlando
",4.9,"(28,343 reviews)",18
365,2018 Toyota Avalon Hybrid XLE Plus,"39,998 mi.","$29,889",Good Deal,"
Puyallup Mazda
",4.7,(258 reviews),18
366,2021 Lincoln Corsair Reserve,,"$37,500","Great Deal | $2,934 under","
Mullinax Ford of New Smyrna Beach
",4.6,(715 reviews),18
367,2015 Maserati GranTurismo Sport,"28,838 mi.","$56,000","Good Deal | $1,970 under","
Ferrari Maserati of Central Florida
",4.1,(33 reviews),18
368,2019 Porsche 718 Cayman S,"8,610 mi.","$74,773","Great Deal | $4,503 under","
Kuni BMW
",4.7,"(1,397 reviews)",18
369,2018 Lincoln Navigator L Black Label,"57,774 mi.","$59,999","Great Deal | $3,914 under","
Northwest Chevrolet of Bellingham
",4.6,"(1,483 reviews)",18
370,2022 Genesis G70 3.3T,"21,010 mi.","$44,851",Fair Deal,"
Mercedes-Benz of Portland
",4.6,"(1,468 reviews)",18
371,2017 Jaguar F-PACE 35t R-Sport,"30,953 mi.","$39,000","Great Deal | $3,824 under","
Millennium Auto Sales
",4.8,(19 reviews),18
372,2016 BMW 535 i,"41,089 mi.","$26,990",Good Deal | $986 under,"
Holler Hyundai
",4.8,"(1,898 reviews)",18
373,2014 Ford Expedition EL XLT,"115,671 mi.","$14,950","Great Deal | $2,878 under","
Shift Seattle - Online
",,(0 reviews),18
374,2022 Lexus IS 500 F-SPORT PERFORMANCE,"2,760 mi.","$74,998",Great Deal,"
CarMax Melbourne - Now offering Curbside Pickup and Home Delivery
",,(0 reviews),18
375,2020 Lincoln MKZ Hybrid Reserve,"13,881 mi.","$40,000",Good Deal,"
Way Scarff Ford in Auburn
",4.7,(586 reviews),18
376,2021 Land Rover Range Rover Velar R-Dynamic S,"20,763 mi.","$67,950","Good Deal | $2,036 under","
Jaguar Land Rover Bellevue
",4.5,"(2,210 reviews)",18
377,2017 Maserati Levante S,"63,592 mi.","$39,995",Good Deal,"
Siamak's Car Company LLC
",4.3,(95 reviews),18
378,2019 Honda CR-V EX-L,"34,591 mi.","$29,855",Good Deal,"
Rapids Honda
",4.6,"(2,741 reviews)",19
379,2002 Ford F-350 XLT,"122,742 mi.","$21,688","Good Deal | $1,002 under","
Autowise
",4.5,(78 reviews),19
380,2014 Chevrolet SS Base,"75,264 mi.","$36,950",Good Deal,"
LKL Motors
",4.7,(30 reviews),19
381,2012 Ferrari FF Base,"19,920 mi.","$151,895",Good Deal,"
Ferrari Maserati of Central Florida
",4.1,(33 reviews),19
382,2007 Mazda MX-5 Miata Grand Touring,"105,722 mi.","$10,499","Great Deal | $1,246 under","
Executive Autosport
",4.7,(39 reviews),19
383,2017 Lexus CT 200h Base,"44,103 mi.","$23,490",Good Deal | $294 under,"
Buick GMC of Beaverton
",4.4,(568 reviews),19
384,2020 Volvo S90 T6 R-Design,"20,653 mi.","$39,995",Good Deal,"
Off Lease Only Orlando
",4.9,"(28,343 reviews)",19
385,2018 Toyota Avalon Hybrid XLE Plus,"39,998 mi.","$29,889",Good Deal,"
Puyallup Mazda
",4.7,(258 reviews),19
386,2021 Land Rover Range Rover Velar R-Dynamic S,"20,763 mi.","$67,950","Good Deal | $2,036 under","
Jaguar Land Rover Bellevue
",4.5,"(2,210 reviews)",19
387,2017 Maserati Levante S,"63,592 mi.","$39,995",Good Deal,"
Siamak's Car Company LLC
",4.3,(95 reviews),19
388,2019 Porsche 718 Cayman S,"8,610 mi.","$74,773","Great Deal | $4,503 under","
Kuni BMW
",4.7,"(1,397 reviews)",19
389,2018 Lincoln Navigator L Black Label,"57,774 mi.","$59,999","Great Deal | $3,914 under","
Northwest Chevrolet of Bellingham
",4.6,"(1,483 reviews)",19
390,2020 Jaguar XE R-Dynamic S,"10,951 mi.","$44,998",Good Deal,"
CarMax Renton - Now offering Curbside Pickup
",4.0,(4 reviews),19
391,2022 Mercedes-Benz AMG GLC 43 AMG GLC 43,"4,603 mi.","$74,995",Good Deal,"
Mercedes-Benz of Lynnwood
",4.5,(125 reviews),19
392,2022 Genesis G70 3.3T,"21,010 mi.","$44,851",Fair Deal,"
Mercedes-Benz of Portland
",4.6,"(1,468 reviews)",19
393,2017 Jaguar F-PACE 35t R-Sport,"30,953 mi.","$39,000","Great Deal | $3,824 under","
Millennium Auto Sales
",4.8,(19 reviews),19
394,2016 BMW 535 i,"41,089 mi.","$26,990",Good Deal | $986 under,"
Holler Hyundai
",4.8,"(1,898 reviews)",19
395,2014 Ford Expedition EL XLT,"115,671 mi.","$14,950","Great Deal | $2,878 under","
Shift Seattle - Online
",,(0 reviews),19
396,2017 Nissan NV200 SV,"7,331 mi.","$32,998",Fair Deal,"
CarMax Beaverton - Now offering Curbside Pickup
",3.6,(8 reviews),19
397,2021 Ford Expedition Max Platinum,"11,738 mi.","$75,999",Good Deal | $657 under,"
Jess Ford of Grand Coulee
",4.9,(22 reviews),19
398,2016 Audi S4 3.0T Premium Plus,"52,136 mi.","$31,999","Good Deal | $1,089 under","
Off Lease Only Orlando
",4.9,"(28,343 reviews)",19
399,2019 Honda CR-V EX-L,"34,591 mi.","$29,855",Good Deal,"
Rapids Honda
",4.6,"(2,741 reviews)",20
400,2002 Ford F-350 XLT,"122,742 mi.","$21,688","Good Deal | $1,002 under","
Autowise
",4.5,(78 reviews),20
401,2020 Jaguar XE R-Dynamic S,"10,951 mi.","$44,998",Good Deal,"
CarMax Renton - Now offering Curbside Pickup
",4.0,(4 reviews),20
402,2022 Mercedes-Benz AMG GLC 43 AMG GLC 43,"4,603 mi.","$74,995",Good Deal,"
Mercedes-Benz of Lynnwood
",4.5,(125 reviews),20
403,2007 Mazda MX-5 Miata Grand Touring,"105,722 mi.","$10,499","Great Deal | $1,246 under","
Executive Autosport
",4.7,(39 reviews),20
404,2014 Chevrolet SS Base,"75,264 mi.","$36,950",Good Deal,"
LKL Motors
",4.7,(30 reviews),20
405,2012 Ferrari FF Base,"19,920 mi.","$151,895",Good Deal,"
Ferrari Maserati of Central Florida
",4.1,(33 reviews),20
406,2020 Volvo S90 T6 R-Design,"20,653 mi.","$39,995",Good Deal,"
Off Lease Only Orlando
",4.9,"(28,343 reviews)",20
407,2018 Toyota Avalon Hybrid XLE Plus,"39,998 mi.","$29,889",Good Deal,"
Puyallup Mazda
",4.7,(258 reviews),20
408,2021 Ford Expedition Max Platinum,"11,738 mi.","$75,999",Good Deal | $657 under,"
Jess Ford of Grand Coulee
",4.9,(22 reviews),20
409,2016 Audi S4 3.0T Premium Plus,"52,136 mi.","$31,999","Good Deal | $1,089 under","
Off Lease Only Orlando
",4.9,"(28,343 reviews)",20
410,2015 Maserati GranTurismo Sport,"28,838 mi.","$56,000","Good Deal | $1,970 under","
Ferrari Maserati of Central Florida
",4.1,(33 reviews),20
411,2019 Porsche 718 Cayman S,"8,610 mi.","$74,773","Great Deal | $4,503 under","
Kuni BMW
",4.7,"(1,397 reviews)",20
412,2018 Lincoln Navigator L Black Label,"57,774 mi.","$59,999","Great Deal | $3,914 under","
Northwest Chevrolet of Bellingham
",4.6,"(1,483 reviews)",20
413,2017 Lexus CT 200h Base,"44,103 mi.","$23,490",Good Deal | $294 under,"
Buick GMC of Beaverton
",4.4,(568 reviews),20
414,2021 Land Rover Range Rover Velar R-Dynamic S,"20,763 mi.","$67,950","Good Deal | $2,036 under","
Jaguar Land Rover Bellevue
",4.5,"(2,210 reviews)",20
415,2018 Hyundai IONIQ Hybrid SEL,"110,136 mi.","$18,250",Good Deal,"
Toyota of Olympia
",3.4,(111 reviews),20
416,2020 Mercedes-Benz AMG SLC 43 Base,"9,263 mi.","$64,017",Great Deal,"
Mercedes-Benz of Portland
",4.6,"(1,468 reviews)",20
417,2022 Lexus IS 500 F-SPORT PERFORMANCE,"2,760 mi.","$74,998",Great Deal,"
CarMax Melbourne - Now offering Curbside Pickup and Home Delivery
",,(0 reviews),20
418,2021 Lincoln Corsair Reserve,,"$37,500","Great Deal | $2,934 under","
Mullinax Ford of New Smyrna Beach
",4.6,(715 reviews),20
419,2020 Audi S6 2.9T Premium Plus,"23,588 mi.","$69,991",Fair Deal,"
Daytona Motor Company
",,,20
420,2019 Honda CR-V EX-L,"34,591 mi.","$29,855",Good Deal,"
Rapids Honda
",4.6,"(2,741 reviews)",21
421,2002 Ford F-350 XLT,"122,742 mi.","$21,688","Good Deal | $1,002 under","
Autowise
",4.5,(78 reviews),21
422,2014 Chevrolet SS Base,"75,264 mi.","$36,950",Good Deal,"
LKL Motors
",4.7,(30 reviews),21
423,2012 Ferrari FF Base,"19,920 mi.","$151,895",Good Deal,"
Ferrari Maserati of Central Florida
",4.1,(33 reviews),21
424,2007 Mazda MX-5 Miata Grand Touring,"105,722 mi.","$10,499","Great Deal | $1,246 under","
Executive Autosport
",4.7,(39 reviews),21
425,2017 Lexus CT 200h Base,"44,103 mi.","$23,490",Good Deal | $294 under,"
Buick GMC of Beaverton
",4.4,(568 reviews),21
426,2020 Volvo S90 T6 R-Design,"20,653 mi.","$39,995",Good Deal,"
Off Lease Only Orlando
",4.9,"(28,343 reviews)",21
427,2018 Toyota Avalon Hybrid XLE Plus,"39,998 mi.","$29,889",Good Deal,"
Puyallup Mazda
",4.7,(258 reviews),21
428,2021 Land Rover Range Rover Velar R-Dynamic S,"20,763 mi.","$67,950","Good Deal | $2,036 under","
Jaguar Land Rover Bellevue
",4.5,"(2,210 reviews)",21
429,2017 Maserati Levante S,"63,592 mi.","$39,995",Good Deal,"
Siamak's Car Company LLC
",4.3,(95 reviews),21
430,2019 Porsche 718 Cayman S,"8,610 mi.","$74,773","Great Deal | $4,503 under","
Kuni BMW
",4.7,"(1,397 reviews)",21
431,2018 Lincoln Navigator L Black Label,"57,774 mi.","$59,999","Great Deal | $3,914 under","
Northwest Chevrolet of Bellingham
",4.6,"(1,483 reviews)",21
432,2020 Jaguar XE R-Dynamic S,"10,951 mi.","$44,998",Good Deal,"
CarMax Renton - Now offering Curbside Pickup
",4.0,(4 reviews),21
433,2022 Mercedes-Benz AMG GLC 43 AMG GLC 43,"4,603 mi.","$74,995",Good Deal,"
Mercedes-Benz of Lynnwood
",4.5,(125 reviews),21
434,2022 Genesis G70 3.3T,"21,010 mi.","$44,851",Fair Deal,"
Mercedes-Benz of Portland
",4.6,"(1,468 reviews)",21
435,2017 Jaguar F-PACE 35t R-Sport,"30,953 mi.","$39,000","Great Deal | $3,824 under","
Millennium Auto Sales
",4.8,(19 reviews),21
436,2016 BMW 535 i,"41,089 mi.","$26,990",Good Deal | $986 under,"
Holler Hyundai
",4.8,"(1,898 reviews)",21
437,2014 Ford Expedition EL XLT,"115,671 mi.","$14,950","Great Deal | $2,878 under","
Shift Seattle - Online
",,(0 reviews),21
438,2017 Nissan NV200 SV,"7,331 mi.","$32,998",Fair Deal,"
CarMax Beaverton - Now offering Curbside Pickup
",3.6,(8 reviews),21
439,2021 Ford Expedition Max Platinum,"11,738 mi.","$75,999",Good Deal | $657 under,"
Jess Ford of Grand Coulee
",4.9,(22 reviews),21
440,2016 Audi S4 3.0T Premium Plus,"52,136 mi.","$31,999","Good Deal | $1,089 under","
Off Lease Only Orlando
",4.9,"(28,343 reviews)",21
441,2019 Honda CR-V EX-L,"34,591 mi.","$29,855",Good Deal,"
Rapids Honda
",4.6,"(2,741 reviews)",22
442,2002 Ford F-350 XLT,"122,742 mi.","$21,688","Good Deal | $1,002 under","
Autowise
",4.5,(78 reviews),22
443,2014 Chevrolet SS Base,"75,264 mi.","$36,950",Good Deal,"
LKL Motors
",4.7,(30 reviews),22
444,2012 Ferrari FF Base,"19,920 mi.","$151,895",Good Deal,"
Ferrari Maserati of Central Florida
",4.1,(33 reviews),22
445,2007 Mazda MX-5 Miata Grand Touring,"105,722 mi.","$10,499","Great Deal | $1,246 under","
Executive Autosport
",4.7,(39 reviews),22
446,2017 Lexus CT 200h Base,"44,103 mi.","$23,490",Good Deal | $294 under,"
Buick GMC of Beaverton
",4.4,(568 reviews),22
447,2020 Volvo S90 T6 R-Design,"20,653 mi.","$39,995",Good Deal,"
Off Lease Only Orlando
",4.9,"(28,343 reviews)",22
448,2018 Toyota Avalon Hybrid XLE Plus,"39,998 mi.","$29,889",Good Deal,"
Puyallup Mazda
",4.7,(258 reviews),22
449,2021 Land Rover Range Rover Velar R-Dynamic S,"20,763 mi.","$67,950","Good Deal | $2,036 under","
Jaguar Land Rover Bellevue
",4.5,"(2,210 reviews)",22
450,2017 Maserati Levante S,"63,592 mi.","$39,995",Good Deal,"
Siamak's Car Company LLC
",4.3,(95 reviews),22
451,2019 Porsche 718 Cayman S,"8,610 mi.","$74,773","Great Deal | $4,503 under","
Kuni BMW
",4.7,"(1,397 reviews)",22
452,2018 Lincoln Navigator L Black Label,"57,774 mi.","$59,999","Great Deal | $3,914 under","
Northwest Chevrolet of Bellingham
",4.6,"(1,483 reviews)",22
453,2020 Jaguar XE R-Dynamic S,"10,951 mi.","$44,998",Good Deal,"
CarMax Renton - Now offering Curbside Pickup
",4.0,(4 reviews),22
454,2022 Mercedes-Benz AMG GLC 43 AMG GLC 43,"4,603 mi.","$74,995",Good Deal,"
Mercedes-Benz of Lynnwood
",4.5,(125 reviews),22
455,2022 Genesis G70 3.3T,"21,010 mi.","$44,851",Fair Deal,"
Mercedes-Benz of Portland
",4.6,"(1,468 reviews)",22
456,2017 Jaguar F-PACE 35t R-Sport,"30,953 mi.","$39,000","Great Deal | $3,824 under","
Millennium Auto Sales
",4.8,(19 reviews),22
457,2016 BMW 535 i,"41,089 mi.","$26,990",Good Deal | $986 under,"
Holler Hyundai
",4.8,"(1,898 reviews)",22
458,2014 Ford Expedition EL XLT,"115,671 mi.","$14,950","Great Deal | $2,878 under","
Shift Seattle - Online
",,(0 reviews),22
459,2017 Nissan NV200 SV,"7,331 mi.","$32,998",Fair Deal,"
CarMax Beaverton - Now offering Curbside Pickup
",3.6,(8 reviews),22
460,2021 Ford Expedition Max Platinum,"11,738 mi.","$75,999",Good Deal | $657 under,"
Jess Ford of Grand Coulee
",4.9,(22 reviews),22
461,2016 Audi S4 3.0T Premium Plus,"52,136 mi.","$31,999","Good Deal | $1,089 under","
Off Lease Only Orlando
",4.9,"(28,343 reviews)",22
462,2019 Honda CR-V EX-L,"34,591 mi.","$29,855",Good Deal,"
Rapids Honda
",4.6,"(2,741 reviews)",23
463,2002 Ford F-350 XLT,"122,742 mi.","$21,688","Good Deal | $1,002 under","
Autowise
",4.5,(78 reviews),23
464,2020 Jaguar XE R-Dynamic S,"10,951 mi.","$44,998",Good Deal,"
CarMax Renton - Now offering Curbside Pickup
",4.0,(4 reviews),23
465,2022 Mercedes-Benz AMG GLC 43 AMG GLC 43,"4,603 mi.","$74,995",Good Deal,"
Mercedes-Benz of Lynnwood
",4.5,(125 reviews),23
466,2007 Mazda MX-5 Miata Grand Touring,"105,722 mi.","$10,499","Great Deal | $1,246 under","
Executive Autosport
",4.7,(39 reviews),23
467,2014 Chevrolet SS Base,"75,264 mi.","$36,950",Good Deal,"
LKL Motors
",4.7,(30 reviews),23
468,2012 Ferrari FF Base,"19,920 mi.","$151,895",Good Deal,"
Ferrari Maserati of Central Florida
",4.1,(33 reviews),23
469,2020 Volvo S90 T6 R-Design,"20,653 mi.","$39,995",Good Deal,"
Off Lease Only Orlando
",4.9,"(28,343 reviews)",23
470,2018 Toyota Avalon Hybrid XLE Plus,"39,998 mi.","$29,889",Good Deal,"
Puyallup Mazda
",4.7,(258 reviews),23
471,2021 Ford Expedition Max Platinum,"11,738 mi.","$75,999",Good Deal | $657 under,"
Jess Ford of Grand Coulee
",4.9,(22 reviews),23
472,2016 Audi S4 3.0T Premium Plus,"52,136 mi.","$31,999","Good Deal | $1,089 under","
Off Lease Only Orlando
",4.9,"(28,343 reviews)",23
473,2015 Maserati GranTurismo Sport,"28,838 mi.","$56,000","Good Deal | $1,970 under","
Ferrari Maserati of Central Florida
",4.1,(33 reviews),23
474,2019 Porsche 718 Cayman S,"8,610 mi.","$74,773","Great Deal | $4,503 under","
Kuni BMW
",4.7,"(1,397 reviews)",23
475,2018 Lincoln Navigator L Black Label,"57,774 mi.","$59,999","Great Deal | $3,914 under","
Northwest Chevrolet of Bellingham
",4.6,"(1,483 reviews)",23
476,2017 Lexus CT 200h Base,"44,103 mi.","$23,490",Good Deal | $294 under,"
Buick GMC of Beaverton
",4.4,(568 reviews),23
477,2021 Land Rover Range Rover Velar R-Dynamic S,"20,763 mi.","$67,950","Good Deal | $2,036 under","
Jaguar Land Rover Bellevue
",4.5,"(2,210 reviews)",23
478,2018 Hyundai IONIQ Hybrid SEL,"110,136 mi.","$18,250",Good Deal,"
Toyota of Olympia
",3.4,(111 reviews),23
479,2020 Mercedes-Benz AMG SLC 43 Base,"9,263 mi.","$64,017",Great Deal,"
Mercedes-Benz of Portland
",4.6,"(1,468 reviews)",23
480,2022 Lexus IS 500 F-SPORT PERFORMANCE,"2,760 mi.","$74,998",Great Deal,"
CarMax Melbourne - Now offering Curbside Pickup and Home Delivery
",,(0 reviews),23
481,2021 Lincoln Corsair Reserve,,"$37,500","Great Deal | $2,934 under","
Mullinax Ford of New Smyrna Beach
",4.6,(715 reviews),23
482,2020 Audi S6 2.9T Premium Plus,"23,588 mi.","$69,991",Fair Deal,"
Daytona Motor Company
",,,23
483,2019 Honda CR-V EX-L,"34,591 mi.","$29,855",Good Deal,"
Rapids Honda
",4.6,"(2,741 reviews)",24
484,2002 Ford F-350 XLT,"122,742 mi.","$21,688","Good Deal | $1,002 under","
Autowise
",4.5,(78 reviews),24
485,2014 Chevrolet SS Base,"75,264 mi.","$36,950",Good Deal,"
LKL Motors
",4.7,(30 reviews),24
486,2012 Ferrari FF Base,"19,920 mi.","$151,895",Good Deal,"
Ferrari Maserati of Central Florida
",4.1,(33 reviews),24
487,2007 Mazda MX-5 Miata Grand Touring,"105,722 mi.","$10,499","Great Deal | $1,246 under","
Executive Autosport
",4.7,(39 reviews),24
488,2017 Lexus CT 200h Base,"44,103 mi.","$23,490",Good Deal | $294 under,"
Buick GMC of Beaverton
",4.4,(568 reviews),24
489,2020 Volvo S90 T6 R-Design,"20,653 mi.","$39,995",Good Deal,"
Off Lease Only Orlando
",4.9,"(28,343 reviews)",24
490,2018 Toyota Avalon Hybrid XLE Plus,"39,998 mi.","$29,889",Good Deal,"
Puyallup Mazda
",4.7,(258 reviews),24
491,2021 Land Rover Range Rover Velar R-Dynamic S,"20,763 mi.","$67,950","Good Deal | $2,036 under","
Jaguar Land Rover Bellevue
",4.5,"(2,210 reviews)",24
492,2017 Maserati Levante S,"63,592 mi.","$39,995",Good Deal,"
Siamak's Car Company LLC
",4.3,(95 reviews),24
493,2019 Porsche 718 Cayman S,"8,610 mi.","$74,773","Great Deal | $4,503 under","
Kuni BMW
",4.7,"(1,397 reviews)",24
494,2018 Lincoln Navigator L Black Label,"57,774 mi.","$59,999","Great Deal | $3,914 under","
Northwest Chevrolet of Bellingham
",4.6,"(1,483 reviews)",24
495,2020 Jaguar XE R-Dynamic S,"10,951 mi.","$44,998",Good Deal,"
CarMax Renton - Now offering Curbside Pickup
",4.0,(4 reviews),24
496,2022 Mercedes-Benz AMG GLC 43 AMG GLC 43,"4,603 mi.","$74,995",Good Deal,"
Mercedes-Benz of Lynnwood
",4.5,(125 reviews),24
497,2022 Genesis G70 3.3T,"21,010 mi.","$44,851",Fair Deal,"
Mercedes-Benz of Portland
",4.6,"(1,468 reviews)",24
498,2017 Jaguar F-PACE 35t R-Sport,"30,953 mi.","$39,000","Great Deal | $3,824 under","
Millennium Auto Sales
",4.8,(19 reviews),24
499,2016 BMW 535 i,"41,089 mi.","$26,990",Good Deal | $986 under,"
Holler Hyundai
",4.8,"(1,898 reviews)",24
500,2014 Ford Expedition EL XLT,"115,671 mi.","$14,950","Great Deal | $2,878 under","
Shift Seattle - Online
",,(0 reviews),24
501,2017 Nissan NV200 SV,"7,331 mi.","$32,998",Fair Deal,"
CarMax Beaverton - Now offering Curbside Pickup
",3.6,(8 reviews),24
502,2021 Ford Expedition Max Platinum,"11,738 mi.","$75,999",Good Deal | $657 under,"
Jess Ford of Grand Coulee
",4.9,(22 reviews),24
503,2016 Audi S4 3.0T Premium Plus,"52,136 mi.","$31,999","Good Deal | $1,089 under","
Off Lease Only Orlando
",4.9,"(28,343 reviews)",24
504,2019 Honda CR-V EX-L,"34,591 mi.","$29,855",Good Deal,"
Rapids Honda
",4.6,"(2,741 reviews)",25
505,2002 Ford F-350 XLT,"122,742 mi.","$21,688","Good Deal | $1,002 under","
Autowise
",4.5,(78 reviews),25
506,2022 Mercedes-Benz AMG GLC 43 AMG GLC 43,"4,603 mi.","$74,995",Good Deal,"
Mercedes-Benz of Lynnwood
",4.5,(125 reviews),25
507,2014 Chevrolet SS Base,"75,264 mi.","$36,950",Good Deal,"
LKL Motors
",4.7,(30 reviews),25
508,2020 Jaguar XE R-Dynamic S,"10,951 mi.","$44,998",Good Deal,"
CarMax Renton - Now offering Curbside Pickup
",4.0,(4 reviews),25
509,2012 Ferrari FF Base,"19,920 mi.","$151,895",Good Deal,"
Ferrari Maserati of Central Florida
",4.1,(33 reviews),25
510,2007 Mazda MX-5 Miata Grand Touring,"105,722 mi.","$10,499","Great Deal | $1,246 under","
Executive Autosport
",4.7,(39 reviews),25
511,2020 Volvo S90 T6 R-Design,"20,653 mi.","$39,995",Good Deal,"
Off Lease Only Orlando
",4.9,"(28,343 reviews)",25
512,2018 Toyota Avalon Hybrid XLE Plus,"39,998 mi.","$29,889",Good Deal,"
Puyallup Mazda
",4.7,(258 reviews),25
513,2021 Lincoln Corsair Reserve,,"$37,500","Great Deal | $2,934 under","
Mullinax Ford of New Smyrna Beach
",4.6,(715 reviews),25
514,2015 Maserati GranTurismo Sport,"28,838 mi.","$56,000","Good Deal | $1,970 under","
Ferrari Maserati of Central Florida
",4.1,(33 reviews),25
515,2019 Porsche 718 Cayman S,"8,610 mi.","$74,773","Great Deal | $4,503 under","
Kuni BMW
",4.7,"(1,397 reviews)",25
516,2018 Lincoln Navigator L Black Label,"57,774 mi.","$59,999","Great Deal | $3,914 under","
Northwest Chevrolet of Bellingham
",4.6,"(1,483 reviews)",25
517,2022 Genesis G70 3.3T,"21,010 mi.","$44,851",Fair Deal,"
Mercedes-Benz of Portland
",4.6,"(1,468 reviews)",25
518,2017 Jaguar F-PACE 35t R-Sport,"30,953 mi.","$39,000","Great Deal | $3,824 under","
Millennium Auto Sales
",4.8,(19 reviews),25
519,2016 BMW 535 i,"41,089 mi.","$26,990",Good Deal | $986 under,"
Holler Hyundai
",4.8,"(1,898 reviews)",25
520,2014 Ford Expedition EL XLT,"115,671 mi.","$14,950","Great Deal | $2,878 under","
Shift Seattle - Online
",,(0 reviews),25
521,2022 Lexus IS 500 F-SPORT PERFORMANCE,"2,760 mi.","$74,998",Great Deal,"
CarMax Melbourne - Now offering Curbside Pickup and Home Delivery
",,(0 reviews),25
522,2020 Lincoln MKZ Hybrid Reserve,"13,881 mi.","$40,000",Good Deal,"
Way Scarff Ford in Auburn
",4.7,(586 reviews),25
523,2021 Land Rover Range Rover Velar R-Dynamic S,"20,763 mi.","$67,950","Good Deal | $2,036 under","
Jaguar Land Rover Bellevue
",4.5,"(2,210 reviews)",25
524,2017 Maserati Levante S,"63,592 mi.","$39,995",Good Deal,"
Siamak's Car Company LLC
",4.3,(95 reviews),25
525,2019 Honda CR-V EX-L,"34,591 mi.","$29,855",Good Deal,"
Rapids Honda
",4.6,"(2,741 reviews)",26
526,2002 Ford F-350 XLT,"122,742 mi.","$21,688","Good Deal | $1,002 under","
Autowise
",4.5,(78 reviews),26
527,2007 Mazda MX-5 Miata Grand Touring,"105,722 mi.","$10,499","Great Deal | $1,246 under","
Executive Autosport
",4.7,(39 reviews),26
528,2020 Jaguar XE R-Dynamic S,"10,951 mi.","$44,998",Good Deal,"
CarMax Renton - Now offering Curbside Pickup
",4.0,(4 reviews),26
529,2022 Mercedes-Benz AMG GLC 43 AMG GLC 43,"4,603 mi.","$74,995",Good Deal,"
Mercedes-Benz of Lynnwood
",4.5,(125 reviews),26
530,2017 Lexus CT 200h Base,"44,103 mi.","$23,490",Good Deal | $294 under,"
Buick GMC of Beaverton
",4.4,(568 reviews),26
531,2021 Land Rover Range Rover Velar R-Dynamic S,"20,763 mi.","$67,950","Good Deal | $2,036 under","
Jaguar Land Rover Bellevue
",4.5,"(2,210 reviews)",26
532,2017 Maserati Levante S,"63,592 mi.","$39,995",Good Deal,"
Siamak's Car Company LLC
",4.3,(95 reviews),26
533,2012 Ferrari FF Base,"19,920 mi.","$151,895",Good Deal,"
Ferrari Maserati of Central Florida
",4.1,(33 reviews),26
534,2020 Volvo S90 T6 R-Design,"20,653 mi.","$39,995",Good Deal,"
Off Lease Only Orlando
",4.9,"(28,343 reviews)",26
535,2018 Toyota Avalon Hybrid XLE Plus,"39,998 mi.","$29,889",Good Deal,"
Puyallup Mazda
",4.7,(258 reviews),26
536,2014 Chevrolet SS Base,"75,264 mi.","$36,950",Good Deal,"
LKL Motors
",4.7,(30 reviews),26
537,2019 Porsche 718 Cayman S,"8,610 mi.","$74,773","Great Deal | $4,503 under","
Kuni BMW
",4.7,"(1,397 reviews)",26
538,2018 Lincoln Navigator L Black Label,"57,774 mi.","$59,999","Great Deal | $3,914 under","
Northwest Chevrolet of Bellingham
",4.6,"(1,483 reviews)",26
539,2020 Mercedes-Benz AMG SLC 43 Base,"9,263 mi.","$64,017",Great Deal,"
Mercedes-Benz of Portland
",4.6,"(1,468 reviews)",26
540,2021 Mazda Mazda6 Carbon Edition,"9,815 mi.","$33,998",Good Deal,"
CarMax Spokane - Now offering Curbside Pickup
",5.0,(1 review),26
541,2010 BMW X3 xDrive30i,"89,728 mi.","$12,440",Fair Deal,"
Kuni BMW
",4.7,"(1,397 reviews)",26
542,2017 Nissan NV200 SV,"7,331 mi.","$32,998",Fair Deal,"
CarMax Beaverton - Now offering Curbside Pickup
",3.6,(8 reviews),26
543,2015 Maserati GranTurismo Sport,"28,838 mi.","$56,000","Good Deal | $1,970 under","
Ferrari Maserati of Central Florida
",4.1,(33 reviews),26
544,2014 Ford Expedition EL XLT,"115,671 mi.","$14,950","Great Deal | $2,878 under","
Shift Seattle - Online
",,(0 reviews),26
545,2020 Audi S6 2.9T Premium Plus,"23,588 mi.","$69,991",Fair Deal,"
Daytona Motor Company
",,,26
